time,进程CPU占比(%),时间片
18:00:07,100.00,29.0
18:00:08,83.41,243.0
18:00:09,63.38,425.0
18:00:10,70.08,564.0
18:00:11,32.10,739.0
18:00:12,7.61,831.0
18:00:13,15.89,860.0
18:00:14,3.37,912.0
18:00:16,14.46,925.0
18:00:17,1.02,977.0
18:00:18,21.40,981.0
18:00:19,10.80,1042.0
18:00:20,100.00,1087.0
18:00:21,44.52,1308.0
18:00:22,32.97,1444.0
18:00:23,33.56,1544.0
18:00:24,32.99,1647.0
18:00:26,36.21,1750.0
18:00:27,30.39,1862.0
18:00:28,37.04,1955.0
18:00:29,32.73,2067.0
18:00:30,31.82,2160.0
18:00:31,12.27,2239.0
18:00:32,15.32,2279.0
18:00:33,13.67,2336.0
18:00:34,53.31,2372.0
18:00:35,67.08,2506.0
18:00:37,64.55,2673.0
18:00:38,25.16,2850.0
18:00:39,45.86,2936.0
18:00:40,9.96,3058.0
18:00:41,29.52,3091.0
18:00:42,0.25,3171.0
18:00:43,22.11,3172.0
18:00:44,10.89,3239.0
18:00:45,46.97,3281.0
18:00:46,20.46,3415.0
18:00:48,17.77,3486.0
18:00:49,51.72,3529.0
18:00:50,15.82,3666.0
18:00:51,20.51,3723.0
18:00:52,20.70,3779.0
18:00:53,39.72,3847.0
18:00:54,0.26,3963.0
18:00:55,27.78,3964.0
18:00:56,41.30,4031.0
18:00:57,17.87,4152.0
18:00:58,14.48,4209.0
18:01:00,36.70,4252.0
18:01:01,24.92,4367.0
18:01:02,4.05,4446.0
18:01:03,35.37,4464.0
18:01:04,33.12,4550.0
18:01:05,28.85,4652.0
18:01:06,3.47,4744.0
18:01:07,45.12,4755.0
18:01:08,29.34,4876.0
18:01:09,14.14,4974.0
18:01:11,24.08,5018.0
18:01:12,35.55,5083.0
18:01:13,26.11,5198.0
18:01:14,2.37,5280.0
18:01:15,65.98,5292.0
18:01:16,1.25,5458.0
18:01:17,22.99,5463.0
18:01:18,22.11,5531.0
18:01:19,35.07,5600.0
18:01:21,12.19,5701.0
18:01:22,16.86,5745.0
18:01:23,52.71,5789.0
18:01:24,7.88,5926.0
18:01:25,28.24,5959.0
18:01:26,20.71,6031.0
18:01:27,46.64,6099.0
18:01:28,6.65,6228.0
18:01:29,18.18,6253.0
18:01:30,55.06,6301.0
18:01:31,24.38,6450.0
18:01:33,15.09,6529.0
18:01:34,23.88,6572.0
18:01:35,50.38,6650.0
18:01:36,0.82,6785.0
18:01:37,37.28,6788.0
18:01:38,23.87,6886.0
18:01:39,24.17,6965.0
