<?xml version="1.0" encoding="UTF-8" ?>
<AccountNumber>
    <Email>cyl@22.cn</Email>
    <Password>000000</Password>
    <StageName>cyl.star22</StageName>
    <UserLevel>17</UserLevel>
    <VIPLevel>वीआईपी बनें</VIPLevel>
    <Followers>183</Followers>
    <Following>33</Following>
    <RankRecords>7</RankRecords>
    <NotRegisteredEmail>cyl@22.c</NotRegisteredEmail>
    <IncorrectPassword>000</IncorrectPassword>
    <FBEmail>+8615001166500</FBEmail>
    <FBPasswprd>lijie123</FBPasswprd>
    <GoogleEmail>starmakerts@gmail.com</GoogleEmail>
    <GooglePassword>abc123!!!</GooglePassword>
    <PersonalInfo>जैव: Welcome to my stage🎤</PersonalInfo>
    <Album_PhotoCount>2</Album_PhotoCount>
    <Starlight>136</Starlight>
    <Golds>40</Golds>
    <ProfilePage_ShootCounts>9</ProfilePage_ShootCounts>
</AccountNumber>