<?xml version="1.0" encoding="UTF-8" ?>
<Jalebee>
    <ChooseLanguagePage>["Choose Language", "हिन्दी", "తెలుగు", "	தமிழ்", "ಕನ್ನಡ", "বাংলা", "മലയാളം", "मराठी", "ਪੰਜਾਬੀ", "ગુજરાતી", "অসমীয়া", "ଓଡ଼ିଆ", "भोजपूरी", "हरियाणवी", "राजस्थानी"]</ChooseLanguagePage>
    <HomePageMainTab>["होम", "पार्टी", "संदेश", "मैं"]</HomePageMainTab>
    <HomePageFeedTab>["फोल्लोविंग", "लोकप्रिय"]</HomePageFeedTab>
    <PartyPage_Title>मल्टी अतिथि</PartyPage_Title>
    <PartyPage_MyRoom>मेरा रूम</PartyPage_MyRoom>
    <PartyPage_History>इतिहास</PartyPage_History>
    <PostTab_Welcome>पोस्ट करने से पहले कृपया लॉगइन करें!</PostTab_Welcome>
    <EmailLoginMode_Title>ईमेल पते का उपयोग करें</EmailLoginMode_Title>
    <LogInEntry>लॉग इन करें</LogInEntry>
    <SignUpEntry>साइन अप करें</SignUpEntry>
    <Hindi_Recording_Jurisdiction>ओके, करते हैं।</Hindi_Recording_Jurisdiction>
    <Guide_AddMusic>संगीत जोड़ें</Guide_AddMusic>
    <SelectMusicPage_Title>संगीत का चयन करें</SelectMusicPage_Title>
    <SelectMusicPage_Explore>खोजें</SelectMusicPage_Explore>
    <SelectMusicPage_Favorite>पसंदीदा</SelectMusicPage_Favorite>
    <PostPreviewPage_Title>पोस्ट करें</PostPreviewPage_Title>
    <PostPreviewPage_MindWriting>आपके दिमाग मे क्या है?</PostPreviewPage_MindWriting>
    <NoLikeNum>लाइक करें</NoLikeNum>
    <JalebeeMessagePage_System>सिस्टम </JalebeeMessagePage_System>
    <JalebeeMessagePage_Gifts>उपहार प्राप्त</JalebeeMessagePage_Gifts>
    <JalebeeMessagePage_Messages>संदेश</JalebeeMessagePage_Messages>
    <JalebeeMessagePage_FollowingTab>फॉलोइंग</JalebeeMessagePage_FollowingTab>
    <JalebeeMessagePage_YouTab>आप</JalebeeMessagePage_YouTab>
</Jalebee>