<?xml version="1.0" encoding="UTF-8" ?>
<ProfileText>
    <FunctionBar_TextList>["ड्राफ्ट्स", "चेक इन", "नोबल", "बैज", "रीचार्ज", "उपकरण", "लॉटरी"]</FunctionBar_TextList>
    <TabBar_TextList>["प्रोफाइल", "क्षण"]</TabBar_TextList>
    <FunctionBar_TextList1>["DRAFTS", "SONGS", "HISTORY", "CHECK IN", "NOBLE", "BADGE", "RECHARGE", "TOOLS"]</FunctionBar_TextList1>
    <FunctionBar_TextList2>["LOTTERY", "INCOME", "LIVE LVL", "GUILD"]</FunctionBar_TextList2>
    <TabBar_TextList1>["PROFILE", "MOMENTS", "POSTS", "COLLABS"]</TabBar_TextList1>
    <PostsCount>17</PostsCount>
</ProfileText>